"DATEID","FULLDATELABEL","CALENDARYEAR","CALENDARQUARTER","CALENDARMONTH","CALENDARMONTHNAME","CALENDARDAYOFWEEK","WEEKDAYNAME","EUROPESEASON","NORTHAMERICASEASON","ASIASEASON"
18/05/09,"2009-05-18",2009,20092,200905,"May",2009212,"Monday","None","None","Tax Time/Summer"
19/05/09,"2009-05-19",2009,20092,200905,"May",2009213,"Tuesday","None","None","Tax Time/Summer"
20/05/09,"2009-05-20",2009,20092,200905,"May",2009214,"Wednesday","None","None","Tax Time/Summer"
21/05/09,"2009-05-21",2009,20092,200905,"May",2009215,"Thursday","None","None","Tax Time/Summer"
22/05/09,"2009-05-22",2009,20092,200905,"May",2009216,"Friday","None","None","Tax Time/Summer"
23/05/09,"2009-05-23",2009,20092,200905,"May",2009217,"Saturday","None","None","Tax Time/Summer"
24/05/09,"2009-05-24",2009,20092,200905,"May",2009221,"Sunday","None","None","Tax Time/Summer"
25/05/09,"2009-05-25",2009,20092,200905,"May",2009222,"Monday","None","None","Tax Time/Summer"
26/05/09,"2009-05-26",2009,20092,200905,"May",2009223,"Tuesday","None","None","Tax Time/Summer"
27/05/09,"2009-05-27",2009,20092,200905,"May",2009224,"Wednesday","None","None","Tax Time/Summer"
28/05/09,"2009-05-28",2009,20092,200905,"May",2009225,"Thursday","None","None","Tax Time/Summer"
29/05/09,"2009-05-29",2009,20092,200905,"May",2009226,"Friday","None","None","Tax Time/Summer"
30/05/09,"2009-05-30",2009,20092,200905,"May",2009227,"Saturday","None","None","Tax Time/Summer"
31/05/09,"2009-05-31",2009,20092,200905,"May",2009231,"Sunday","None","None","Tax Time/Summer"
01/06/09,"2009-06-01",2009,20092,200906,"June",2009232,"Monday","None","None","None"
02/06/09,"2009-06-02",2009,20092,200906,"June",2009233,"Tuesday","None","None","None"
03/06/09,"2009-06-03",2009,20092,200906,"June",2009234,"Wednesday","None","None","None"
04/06/09,"2009-06-04",2009,20092,200906,"June",2009235,"Thursday","None","None","None"
05/06/09,"2009-06-05",2009,20092,200906,"June",2009236,"Friday","None","None","None"
06/06/09,"2009-06-06",2009,20092,200906,"June",2009237,"Saturday","None","None","None"
07/06/09,"2009-06-07",2009,20092,200906,"June",2009241,"Sunday","None","None","None"
08/06/09,"2009-06-08",2009,20092,200906,"June",2009242,"Monday","None","None","None"
09/06/09,"2009-06-09",2009,20092,200906,"June",2009243,"Tuesday","None","None","None"
10/06/09,"2009-06-10",2009,20092,200906,"June",2009244,"Wednesday","None","None","None"
11/06/09,"2009-06-11",2009,20092,200906,"June",2009245,"Thursday","None","None","None"
12/06/09,"2009-06-12",2009,20092,200906,"June",2009246,"Friday","None","None","None"
13/06/09,"2009-06-13",2009,20092,200906,"June",2009247,"Saturday","None","None","None"
14/06/09,"2009-06-14",2009,20092,200906,"June",2009251,"Sunday","None","None","None"
15/06/09,"2009-06-15",2009,20092,200906,"June",2009252,"Monday","None","None","None"
16/06/09,"2009-06-16",2009,20092,200906,"June",2009253,"Tuesday","None","None","None"
17/06/09,"2009-06-17",2009,20092,200906,"June",2009254,"Wednesday","None","None","None"
18/06/09,"2009-06-18",2009,20092,200906,"June",2009255,"Thursday","None","None","None"
19/06/09,"2009-06-19",2009,20092,200906,"June",2009256,"Friday","None","None","None"
20/06/09,"2009-06-20",2009,20092,200906,"June",2009257,"Saturday","None","None","None"
21/06/09,"2009-06-21",2009,20092,200906,"June",2009261,"Sunday","None","None","None"
22/06/09,"2009-06-22",2009,20092,200906,"June",2009262,"Monday","None","None","None"
23/06/09,"2009-06-23",2009,20092,200906,"June",2009263,"Tuesday","None","None","None"
24/06/09,"2009-06-24",2009,20092,200906,"June",2009264,"Wednesday","None","None","None"
25/06/09,"2009-06-25",2009,20092,200906,"June",2009265,"Thursday","None","None","None"
26/06/09,"2009-06-26",2009,20092,200906,"June",2009266,"Friday","None","None","None"
27/06/09,"2009-06-27",2009,20092,200906,"June",2009267,"Saturday","None","None","None"
28/06/09,"2009-06-28",2009,20092,200906,"June",2009271,"Sunday","None","None","None"
29/06/09,"2009-06-29",2009,20092,200906,"June",2009272,"Monday","None","None","None"
30/06/09,"2009-06-30",2009,20092,200906,"June",2009273,"Tuesday","None","None","None"
01/07/09,"2009-07-01",2009,20093,200907,"July",2009274,"Wednesday","Back to School","Back to School","None"
02/07/09,"2009-07-02",2009,20093,200907,"July",2009275,"Thursday","Back to School","Back to School","None"
03/07/09,"2009-07-03",2009,20093,200907,"July",2009276,"Friday","Back to School","Back to School","None"
04/07/09,"2009-07-04",2009,20093,200907,"July",2009277,"Saturday","Back to School","Back to School","None"
05/07/09,"2009-07-05",2009,20093,200907,"July",2009281,"Sunday","Back to School","Back to School","None"
06/07/09,"2009-07-06",2009,20093,200907,"July",2009282,"Monday","Back to School","Back to School","None"
07/07/09,"2009-07-07",2009,20093,200907,"July",2009283,"Tuesday","Back to School","Back to School","None"
08/07/09,"2009-07-08",2009,20093,200907,"July",2009284,"Wednesday","Back to School","Back to School","None"
09/07/09,"2009-07-09",2009,20093,200907,"July",2009285,"Thursday","Back to School","Back to School","None"
10/07/09,"2009-07-10",2009,20093,200907,"July",2009286,"Friday","Back to School","Back to School","None"
11/07/09,"2009-07-11",2009,20093,200907,"July",2009287,"Saturday","Back to School","Back to School","None"
12/07/09,"2009-07-12",2009,20093,200907,"July",2009291,"Sunday","Back to School","Back to School","None"
13/07/09,"2009-07-13",2009,20093,200907,"July",2009292,"Monday","Back to School","Back to School","None"
14/07/09,"2009-07-14",2009,20093,200907,"July",2009293,"Tuesday","Back to School","Back to School","None"
15/07/09,"2009-07-15",2009,20093,200907,"July",2009294,"Wednesday","Back to School","Back to School","None"
16/07/09,"2009-07-16",2009,20093,200907,"July",2009295,"Thursday","Back to School","Back to School","None"
17/07/09,"2009-07-17",2009,20093,200907,"July",2009296,"Friday","Back to School","Back to School","None"
18/07/09,"2009-07-18",2009,20093,200907,"July",2009297,"Saturday","Back to School","Back to School","None"
19/07/09,"2009-07-19",2009,20093,200907,"July",2009301,"Sunday","Back to School","Back to School","None"
20/07/09,"2009-07-20",2009,20093,200907,"July",2009302,"Monday","Back to School","Back to School","None"
21/07/09,"2009-07-21",2009,20093,200907,"July",2009303,"Tuesday","Back to School","Back to School","None"
22/07/09,"2009-07-22",2009,20093,200907,"July",2009304,"Wednesday","Back to School","Back to School","None"
23/07/09,"2009-07-23",2009,20093,200907,"July",2009305,"Thursday","Back to School","Back to School","None"
24/07/09,"2009-07-24",2009,20093,200907,"July",2009306,"Friday","Back to School","Back to School","None"
25/07/09,"2009-07-25",2009,20093,200907,"July",2009307,"Saturday","Back to School","Back to School","None"
26/07/09,"2009-07-26",2009,20093,200907,"July",2009311,"Sunday","Back to School","Back to School","None"
27/07/09,"2009-07-27",2009,20093,200907,"July",2009312,"Monday","Back to School","Back to School","None"
28/07/09,"2009-07-28",2009,20093,200907,"July",2009313,"Tuesday","Back to School","Back to School","None"
29/07/09,"2009-07-29",2009,20093,200907,"July",2009314,"Wednesday","Back to School","Back to School","None"
30/07/09,"2009-07-30",2009,20093,200907,"July",2009315,"Thursday","Back to School","Back to School","None"
31/07/09,"2009-07-31",2009,20093,200907,"July",2009316,"Friday","Back to School","Back to School","None"
01/08/09,"2009-08-01",2009,20093,200908,"August",2009317,"Saturday","Back to School","Back to School","None"
02/08/09,"2009-08-02",2009,20093,200908,"August",2009321,"Sunday","Back to School","Back to School","None"
03/08/09,"2009-08-03",2009,20093,200908,"August",2009322,"Monday","Back to School","Back to School","None"
04/08/09,"2009-08-04",2009,20093,200908,"August",2009323,"Tuesday","Back to School","Back to School","None"
05/08/09,"2009-08-05",2009,20093,200908,"August",2009324,"Wednesday","Back to School","Back to School","None"
06/08/09,"2009-08-06",2009,20093,200908,"August",2009325,"Thursday","Back to School","Back to School","None"
07/08/09,"2009-08-07",2009,20093,200908,"August",2009326,"Friday","Back to School","Back to School","None"
08/08/09,"2009-08-08",2009,20093,200908,"August",2009327,"Saturday","Back to School","Back to School","None"
09/08/09,"2009-08-09",2009,20093,200908,"August",2009331,"Sunday","Back to School","Back to School","None"
10/08/09,"2009-08-10",2009,20093,200908,"August",2009332,"Monday","Back to School","Back to School","None"
11/08/09,"2009-08-11",2009,20093,200908,"August",2009333,"Tuesday","Back to School","Back to School","None"
03/11/09,"2009-11-03",2009,20094,200911,"November",2009453,"Tuesday","Holiday","Holiday","Holiday"
12/08/09,"2009-08-12",2009,20093,200908,"August",2009334,"Wednesday","Back to School","Back to School","None"
13/08/09,"2009-08-13",2009,20093,200908,"August",2009335,"Thursday","Back to School","Back to School","None"
14/08/09,"2009-08-14",2009,20093,200908,"August",2009336,"Friday","Back to School","Back to School","None"
15/08/09,"2009-08-15",2009,20093,200908,"August",2009337,"Saturday","Back to School","Back to School","None"
16/08/09,"2009-08-16",2009,20093,200908,"August",2009341,"Sunday","Back to School","Back to School","None"
17/08/09,"2009-08-17",2009,20093,200908,"August",2009342,"Monday","Back to School","Back to School","None"
18/08/09,"2009-08-18",2009,20093,200908,"August",2009343,"Tuesday","Back to School","Back to School","None"
19/08/09,"2009-08-19",2009,20093,200908,"August",2009344,"Wednesday","Back to School","Back to School","None"
20/08/09,"2009-08-20",2009,20093,200908,"August",2009345,"Thursday","Back to School","Back to School","None"
21/08/09,"2009-08-21",2009,20093,200908,"August",2009346,"Friday","Back to School","Back to School","None"
22/08/09,"2009-08-22",2009,20093,200908,"August",2009347,"Saturday","Back to School","Back to School","None"
23/08/09,"2009-08-23",2009,20093,200908,"August",2009351,"Sunday","Back to School","Back to School","None"
24/08/09,"2009-08-24",2009,20093,200908,"August",2009352,"Monday","Back to School","Back to School","None"
25/08/09,"2009-08-25",2009,20093,200908,"August",2009353,"Tuesday","Back to School","Back to School","None"
26/08/09,"2009-08-26",2009,20093,200908,"August",2009354,"Wednesday","Back to School","Back to School","None"
27/08/09,"2009-08-27",2009,20093,200908,"August",2009355,"Thursday","Back to School","Back to School","None"
28/08/09,"2009-08-28",2009,20093,200908,"August",2009356,"Friday","Back to School","Back to School","None"
29/08/09,"2009-08-29",2009,20093,200908,"August",2009357,"Saturday","Back to School","Back to School","None"
30/08/09,"2009-08-30",2009,20093,200908,"August",2009361,"Sunday","Back to School","Back to School","None"
31/08/09,"2009-08-31",2009,20093,200908,"August",2009362,"Monday","Back to School","Back to School","None"
01/09/09,"2009-09-01",2009,20093,200909,"September",2009363,"Tuesday","None","Back to School","None"
02/09/09,"2009-09-02",2009,20093,200909,"September",2009364,"Wednesday","None","Back to School","None"
03/09/09,"2009-09-03",2009,20093,200909,"September",2009365,"Thursday","None","Back to School","None"
04/09/09,"2009-09-04",2009,20093,200909,"September",2009366,"Friday","None","Back to School","None"
05/09/09,"2009-09-05",2009,20093,200909,"September",2009367,"Saturday","None","Back to School","None"
06/09/09,"2009-09-06",2009,20093,200909,"September",2009371,"Sunday","None","Back to School","None"
07/09/09,"2009-09-07",2009,20093,200909,"September",2009372,"Monday","None","Back to School","None"
08/09/09,"2009-09-08",2009,20093,200909,"September",2009373,"Tuesday","None","Back to School","None"
09/09/09,"2009-09-09",2009,20093,200909,"September",2009374,"Wednesday","None","Back to School","None"
10/09/09,"2009-09-10",2009,20093,200909,"September",2009375,"Thursday","None","Back to School","None"
11/09/09,"2009-09-11",2009,20093,200909,"September",2009376,"Friday","None","Back to School","None"
12/09/09,"2009-09-12",2009,20093,200909,"September",2009377,"Saturday","None","Back to School","None"
13/09/09,"2009-09-13",2009,20093,200909,"September",2009381,"Sunday","None","Back to School","None"
14/09/09,"2009-09-14",2009,20093,200909,"September",2009382,"Monday","None","Back to School","None"
15/09/09,"2009-09-15",2009,20093,200909,"September",2009383,"Tuesday","None","Back to School","None"
16/09/09,"2009-09-16",2009,20093,200909,"September",2009384,"Wednesday","None","Back to School","None"
17/09/09,"2009-09-17",2009,20093,200909,"September",2009385,"Thursday","None","Back to School","None"
18/09/09,"2009-09-18",2009,20093,200909,"September",2009386,"Friday","None","Back to School","None"
19/09/09,"2009-09-19",2009,20093,200909,"September",2009387,"Saturday","None","Back to School","None"
20/09/09,"2009-09-20",2009,20093,200909,"September",2009391,"Sunday","None","Back to School","None"
21/09/09,"2009-09-21",2009,20093,200909,"September",2009392,"Monday","None","Back to School","None"
22/09/09,"2009-09-22",2009,20093,200909,"September",2009393,"Tuesday","None","Back to School","None"
23/09/09,"2009-09-23",2009,20093,200909,"September",2009394,"Wednesday","None","Back to School","None"
24/09/09,"2009-09-24",2009,20093,200909,"September",2009395,"Thursday","None","Back to School","None"
25/09/09,"2009-09-25",2009,20093,200909,"September",2009396,"Friday","None","Back to School","None"
26/09/09,"2009-09-26",2009,20093,200909,"September",2009397,"Saturday","None","Back to School","None"
27/09/09,"2009-09-27",2009,20093,200909,"September",2009401,"Sunday","None","Back to School","None"
28/09/09,"2009-09-28",2009,20093,200909,"September",2009402,"Monday","None","Back to School","None"
29/09/09,"2009-09-29",2009,20093,200909,"September",2009403,"Tuesday","None","Back to School","None"
30/09/09,"2009-09-30",2009,20093,200909,"September",2009404,"Wednesday","None","Back to School","None"
01/10/09,"2009-10-01",2009,20094,200910,"October",2009405,"Thursday","Holiday","None","None"
02/10/09,"2009-10-02",2009,20094,200910,"October",2009406,"Friday","Holiday","None","None"
03/10/09,"2009-10-03",2009,20094,200910,"October",2009407,"Saturday","Holiday","None","None"
04/10/09,"2009-10-04",2009,20094,200910,"October",2009411,"Sunday","Holiday","None","None"
05/10/09,"2009-10-05",2009,20094,200910,"October",2009412,"Monday","Holiday","None","None"
06/10/09,"2009-10-06",2009,20094,200910,"October",2009413,"Tuesday","Holiday","None","None"
07/10/09,"2009-10-07",2009,20094,200910,"October",2009414,"Wednesday","Holiday","None","None"
08/10/09,"2009-10-08",2009,20094,200910,"October",2009415,"Thursday","Holiday","None","None"
09/10/09,"2009-10-09",2009,20094,200910,"October",2009416,"Friday","Holiday","None","None"
10/10/09,"2009-10-10",2009,20094,200910,"October",2009417,"Saturday","Holiday","None","None"
11/10/09,"2009-10-11",2009,20094,200910,"October",2009421,"Sunday","Holiday","None","None"
12/10/09,"2009-10-12",2009,20094,200910,"October",2009422,"Monday","Holiday","None","None"
13/10/09,"2009-10-13",2009,20094,200910,"October",2009423,"Tuesday","Holiday","None","None"
14/10/09,"2009-10-14",2009,20094,200910,"October",2009424,"Wednesday","Holiday","None","None"
15/10/09,"2009-10-15",2009,20094,200910,"October",2009425,"Thursday","Holiday","None","None"
16/10/09,"2009-10-16",2009,20094,200910,"October",2009426,"Friday","Holiday","None","None"
17/10/09,"2009-10-17",2009,20094,200910,"October",2009427,"Saturday","Holiday","None","None"
18/10/09,"2009-10-18",2009,20094,200910,"October",2009431,"Sunday","Holiday","None","None"
19/10/09,"2009-10-19",2009,20094,200910,"October",2009432,"Monday","Holiday","None","None"
20/10/09,"2009-10-20",2009,20094,200910,"October",2009433,"Tuesday","Holiday","None","None"
21/10/09,"2009-10-21",2009,20094,200910,"October",2009434,"Wednesday","Holiday","None","None"
22/10/09,"2009-10-22",2009,20094,200910,"October",2009435,"Thursday","Holiday","None","None"
23/10/09,"2009-10-23",2009,20094,200910,"October",2009436,"Friday","Holiday","None","None"
24/10/09,"2009-10-24",2009,20094,200910,"October",2009437,"Saturday","Holiday","None","None"
25/10/09,"2009-10-25",2009,20094,200910,"October",2009441,"Sunday","Holiday","None","None"
26/10/09,"2009-10-26",2009,20094,200910,"October",2009442,"Monday","Holiday","None","None"
27/10/09,"2009-10-27",2009,20094,200910,"October",2009443,"Tuesday","Holiday","None","None"
28/10/09,"2009-10-28",2009,20094,200910,"October",2009444,"Wednesday","Holiday","None","None"
29/10/09,"2009-10-29",2009,20094,200910,"October",2009445,"Thursday","Holiday","None","None"
30/10/09,"2009-10-30",2009,20094,200910,"October",2009446,"Friday","Holiday","None","None"
31/10/09,"2009-10-31",2009,20094,200910,"October",2009447,"Saturday","Holiday","None","None"
01/11/09,"2009-11-01",2009,20094,200911,"November",2009451,"Sunday","Holiday","Holiday","Holiday"
02/11/09,"2009-11-02",2009,20094,200911,"November",2009452,"Monday","Holiday","Holiday","Holiday"
04/11/09,"2009-11-04",2009,20094,200911,"November",2009454,"Wednesday","Holiday","Holiday","Holiday"
05/11/09,"2009-11-05",2009,20094,200911,"November",2009455,"Thursday","Holiday","Holiday","Holiday"
06/11/09,"2009-11-06",2009,20094,200911,"November",2009456,"Friday","Holiday","Holiday","Holiday"
07/11/09,"2009-11-07",2009,20094,200911,"November",2009457,"Saturday","Holiday","Holiday","Holiday"
08/11/09,"2009-11-08",2009,20094,200911,"November",2009461,"Sunday","Holiday","Holiday","Holiday"
09/11/09,"2009-11-09",2009,20094,200911,"November",2009462,"Monday","Holiday","Holiday","Holiday"
10/11/09,"2009-11-10",2009,20094,200911,"November",2009463,"Tuesday","Holiday","Holiday","Holiday"
11/11/09,"2009-11-11",2009,20094,200911,"November",2009464,"Wednesday","Holiday","Holiday","Holiday"
12/11/09,"2009-11-12",2009,20094,200911,"November",2009465,"Thursday","Holiday","Holiday","Holiday"
13/11/09,"2009-11-13",2009,20094,200911,"November",2009466,"Friday","Holiday","Holiday","Holiday"
14/11/09,"2009-11-14",2009,20094,200911,"November",2009467,"Saturday","Holiday","Holiday","Holiday"
15/11/09,"2009-11-15",2009,20094,200911,"November",2009471,"Sunday","Holiday","Holiday","Holiday"
16/11/09,"2009-11-16",2009,20094,200911,"November",2009472,"Monday","Holiday","Holiday","Holiday"
17/11/09,"2009-11-17",2009,20094,200911,"November",2009473,"Tuesday","Holiday","Holiday","Holiday"
18/11/09,"2009-11-18",2009,20094,200911,"November",2009474,"Wednesday","Holiday","Holiday","Holiday"
19/11/09,"2009-11-19",2009,20094,200911,"November",2009475,"Thursday","Holiday","Holiday","Holiday"
20/11/09,"2009-11-20",2009,20094,200911,"November",2009476,"Friday","Holiday","Holiday","Holiday"
21/11/09,"2009-11-21",2009,20094,200911,"November",2009477,"Saturday","Holiday","Holiday","Holiday"
22/11/09,"2009-11-22",2009,20094,200911,"November",2009481,"Sunday","Holiday","Holiday","Holiday"
23/11/09,"2009-11-23",2009,20094,200911,"November",2009482,"Monday","Holiday","Holiday","Holiday"
24/11/09,"2009-11-24",2009,20094,200911,"November",2009483,"Tuesday","Holiday","Holiday","Holiday"
25/11/09,"2009-11-25",2009,20094,200911,"November",2009484,"Wednesday","Holiday","Holiday","Holiday"
26/11/09,"2009-11-26",2009,20094,200911,"November",2009485,"Thursday","Holiday","Holiday","Holiday"
27/11/09,"2009-11-27",2009,20094,200911,"November",2009486,"Friday","Holiday","Holiday","Holiday"
28/11/09,"2009-11-28",2009,20094,200911,"November",2009487,"Saturday","Holiday","Holiday","Holiday"
29/11/09,"2009-11-29",2009,20094,200911,"November",2009491,"Sunday","Holiday","Holiday","Holiday"
30/11/09,"2009-11-30",2009,20094,200911,"November",2009492,"Monday","Holiday","Holiday","Holiday"
01/12/09,"2009-12-01",2009,20094,200912,"December",2009493,"Tuesday","Holiday","Holiday","Holiday"
02/12/09,"2009-12-02",2009,20094,200912,"December",2009494,"Wednesday","Holiday","Holiday","Holiday"
03/12/09,"2009-12-03",2009,20094,200912,"December",2009495,"Thursday","Holiday","Holiday","Holiday"
04/12/09,"2009-12-04",2009,20094,200912,"December",2009496,"Friday","Holiday","Holiday","Holiday"
05/12/09,"2009-12-05",2009,20094,200912,"December",2009497,"Saturday","Holiday","Holiday","Holiday"
06/12/09,"2009-12-06",2009,20094,200912,"December",2009501,"Sunday","Holiday","Holiday","Holiday"
07/12/09,"2009-12-07",2009,20094,200912,"December",2009502,"Monday","Holiday","Holiday","Holiday"
08/12/09,"2009-12-08",2009,20094,200912,"December",2009503,"Tuesday","Holiday","Holiday","Holiday"
09/12/09,"2009-12-09",2009,20094,200912,"December",2009504,"Wednesday","Holiday","Holiday","Holiday"
10/12/09,"2009-12-10",2009,20094,200912,"December",2009505,"Thursday","Holiday","Holiday","Holiday"
11/12/09,"2009-12-11",2009,20094,200912,"December",2009506,"Friday","Holiday","Holiday","Holiday"
12/12/09,"2009-12-12",2009,20094,200912,"December",2009507,"Saturday","Holiday","Holiday","Holiday"
13/12/09,"2009-12-13",2009,20094,200912,"December",2009511,"Sunday","Holiday","Holiday","Holiday"
14/12/09,"2009-12-14",2009,20094,200912,"December",2009512,"Monday","Holiday","Holiday","Holiday"
15/12/09,"2009-12-15",2009,20094,200912,"December",2009513,"Tuesday","Holiday","Holiday","Holiday"
16/12/09,"2009-12-16",2009,20094,200912,"December",2009514,"Wednesday","Holiday","Holiday","Holiday"
17/12/09,"2009-12-17",2009,20094,200912,"December",2009515,"Thursday","Holiday","Holiday","Holiday"
18/12/09,"2009-12-18",2009,20094,200912,"December",2009516,"Friday","Holiday","Holiday","Holiday"
19/12/09,"2009-12-19",2009,20094,200912,"December",2009517,"Saturday","Holiday","Holiday","Holiday"
20/12/09,"2009-12-20",2009,20094,200912,"December",2009521,"Sunday","Holiday","Holiday","Holiday"
21/12/09,"2009-12-21",2009,20094,200912,"December",2009522,"Monday","Holiday","Holiday","Holiday"
22/12/09,"2009-12-22",2009,20094,200912,"December",2009523,"Tuesday","Holiday","Holiday","Holiday"
23/12/09,"2009-12-23",2009,20094,200912,"December",2009524,"Wednesday","Holiday","Holiday","Holiday"
24/12/09,"2009-12-24",2009,20094,200912,"December",2009525,"Thursday","Holiday","Holiday","Holiday"
25/12/09,"2009-12-25",2009,20094,200912,"December",2009526,"Friday","Holiday","Holiday","Holiday"
26/12/09,"2009-12-26",2009,20094,200912,"December",2009527,"Saturday","Holiday","Holiday","Holiday"
27/12/09,"2009-12-27",2009,20094,200912,"December",2009531,"Sunday","Holiday","Holiday","Holiday"
28/12/09,"2009-12-28",2009,20094,200912,"December",2009532,"Monday","Holiday","Holiday","Holiday"
29/12/09,"2009-12-29",2009,20094,200912,"December",2009533,"Tuesday","Holiday","Holiday","Holiday"
30/12/09,"2009-12-30",2009,20094,200912,"December",2009534,"Wednesday","Holiday","Holiday","Holiday"
31/12/09,"2009-12-31",2009,20094,200912,"December",2009535,"Thursday","Holiday","Holiday","Holiday"
01/01/09,"2009-01-01",2009,20091,200901,"January",2009015,"Thursday","Holiday","Spring/Back to Business","Holiday"
02/01/09,"2009-01-02",2009,20091,200901,"January",2009016,"Friday","Holiday","Spring/Back to Business","Holiday"
03/01/09,"2009-01-03",2009,20091,200901,"January",2009017,"Saturday","Holiday","Spring/Back to Business","Holiday"
04/01/09,"2009-01-04",2009,20091,200901,"January",2009021,"Sunday","Holiday","Spring/Back to Business","Holiday"
05/01/09,"2009-01-05",2009,20091,200901,"January",2009022,"Monday","Holiday","Spring/Back to Business","Holiday"
06/01/09,"2009-01-06",2009,20091,200901,"January",2009023,"Tuesday","Holiday","Spring/Back to Business","Holiday"
07/01/09,"2009-01-07",2009,20091,200901,"January",2009024,"Wednesday","Holiday","Spring/Back to Business","Holiday"
08/01/09,"2009-01-08",2009,20091,200901,"January",2009025,"Thursday","Holiday","Spring/Back to Business","Holiday"
09/01/09,"2009-01-09",2009,20091,200901,"January",2009026,"Friday","Holiday","Spring/Back to Business","Holiday"
10/01/09,"2009-01-10",2009,20091,200901,"January",2009027,"Saturday","Holiday","Spring/Back to Business","Holiday"
11/01/09,"2009-01-11",2009,20091,200901,"January",2009031,"Sunday","Holiday","Spring/Back to Business","Holiday"
12/01/09,"2009-01-12",2009,20091,200901,"January",2009032,"Monday","Holiday","Spring/Back to Business","Holiday"
13/01/09,"2009-01-13",2009,20091,200901,"January",2009033,"Tuesday","Holiday","Spring/Back to Business","Holiday"
14/01/09,"2009-01-14",2009,20091,200901,"January",2009034,"Wednesday","Holiday","Spring/Back to Business","Holiday"
15/01/09,"2009-01-15",2009,20091,200901,"January",2009035,"Thursday","Holiday","Spring/Back to Business","Holiday"
16/01/09,"2009-01-16",2009,20091,200901,"January",2009036,"Friday","Holiday","Spring/Back to Business","Holiday"
17/01/09,"2009-01-17",2009,20091,200901,"January",2009037,"Saturday","Holiday","Spring/Back to Business","Holiday"
18/01/09,"2009-01-18",2009,20091,200901,"January",2009041,"Sunday","Holiday","Spring/Back to Business","Holiday"
19/01/09,"2009-01-19",2009,20091,200901,"January",2009042,"Monday","Holiday","Spring/Back to Business","Holiday"
20/01/09,"2009-01-20",2009,20091,200901,"January",2009043,"Tuesday","Holiday","Spring/Back to Business","Holiday"
21/01/09,"2009-01-21",2009,20091,200901,"January",2009044,"Wednesday","Holiday","Spring/Back to Business","Holiday"
22/01/09,"2009-01-22",2009,20091,200901,"January",2009045,"Thursday","Holiday","Spring/Back to Business","Holiday"
23/01/09,"2009-01-23",2009,20091,200901,"January",2009046,"Friday","Holiday","Spring/Back to Business","Holiday"
24/01/09,"2009-01-24",2009,20091,200901,"January",2009047,"Saturday","Holiday","Spring/Back to Business","Holiday"
25/01/09,"2009-01-25",2009,20091,200901,"January",2009051,"Sunday","Holiday","Spring/Back to Business","Holiday"
26/01/09,"2009-01-26",2009,20091,200901,"January",2009052,"Monday","Holiday","Spring/Back to Business","Holiday"
27/01/09,"2009-01-27",2009,20091,200901,"January",2009053,"Tuesday","Holiday","Spring/Back to Business","Holiday"
28/01/09,"2009-01-28",2009,20091,200901,"January",2009054,"Wednesday","Holiday","Spring/Back to Business","Holiday"
29/01/09,"2009-01-29",2009,20091,200901,"January",2009055,"Thursday","Holiday","Spring/Back to Business","Holiday"
30/01/09,"2009-01-30",2009,20091,200901,"January",2009056,"Friday","Holiday","Spring/Back to Business","Holiday"
31/01/09,"2009-01-31",2009,20091,200901,"January",2009057,"Saturday","Holiday","Spring/Back to Business","Holiday"
01/02/09,"2009-02-01",2009,20091,200902,"February",2009061,"Sunday","Spring/Business","Spring/Back to Business","Spring/Back to School"
02/02/09,"2009-02-02",2009,20091,200902,"February",2009062,"Monday","Spring/Business","Spring/Back to Business","Spring/Back to School"
03/02/09,"2009-02-03",2009,20091,200902,"February",2009063,"Tuesday","Spring/Business","Spring/Back to Business","Spring/Back to School"
04/02/09,"2009-02-04",2009,20091,200902,"February",2009064,"Wednesday","Spring/Business","Spring/Back to Business","Spring/Back to School"
05/02/09,"2009-02-05",2009,20091,200902,"February",2009065,"Thursday","Spring/Business","Spring/Back to Business","Spring/Back to School"
06/02/09,"2009-02-06",2009,20091,200902,"February",2009066,"Friday","Spring/Business","Spring/Back to Business","Spring/Back to School"
07/02/09,"2009-02-07",2009,20091,200902,"February",2009067,"Saturday","Spring/Business","Spring/Back to Business","Spring/Back to School"
08/02/09,"2009-02-08",2009,20091,200902,"February",2009071,"Sunday","Spring/Business","Spring/Back to Business","Spring/Back to School"
09/02/09,"2009-02-09",2009,20091,200902,"February",2009072,"Monday","Spring/Business","Spring/Back to Business","Spring/Back to School"
10/02/09,"2009-02-10",2009,20091,200902,"February",2009073,"Tuesday","Spring/Business","Spring/Back to Business","Spring/Back to School"
11/02/09,"2009-02-11",2009,20091,200902,"February",2009074,"Wednesday","Spring/Business","Spring/Back to Business","Spring/Back to School"
12/02/09,"2009-02-12",2009,20091,200902,"February",2009075,"Thursday","Spring/Business","Spring/Back to Business","Spring/Back to School"
13/02/09,"2009-02-13",2009,20091,200902,"February",2009076,"Friday","Spring/Business","Spring/Back to Business","Spring/Back to School"
14/02/09,"2009-02-14",2009,20091,200902,"February",2009077,"Saturday","Spring/Business","Spring/Back to Business","Spring/Back to School"
15/02/09,"2009-02-15",2009,20091,200902,"February",2009081,"Sunday","Spring/Business","Spring/Back to Business","Spring/Back to School"
16/02/09,"2009-02-16",2009,20091,200902,"February",2009082,"Monday","Spring/Business","Spring/Back to Business","Spring/Back to School"
17/02/09,"2009-02-17",2009,20091,200902,"February",2009083,"Tuesday","Spring/Business","Spring/Back to Business","Spring/Back to School"
18/02/09,"2009-02-18",2009,20091,200902,"February",2009084,"Wednesday","Spring/Business","Spring/Back to Business","Spring/Back to School"
19/02/09,"2009-02-19",2009,20091,200902,"February",2009085,"Thursday","Spring/Business","Spring/Back to Business","Spring/Back to School"
20/02/09,"2009-02-20",2009,20091,200902,"February",2009086,"Friday","Spring/Business","Spring/Back to Business","Spring/Back to School"
21/02/09,"2009-02-21",2009,20091,200902,"February",2009087,"Saturday","Spring/Business","Spring/Back to Business","Spring/Back to School"
22/02/09,"2009-02-22",2009,20091,200902,"February",2009091,"Sunday","Spring/Business","Spring/Back to Business","Spring/Back to School"
23/02/09,"2009-02-23",2009,20091,200902,"February",2009092,"Monday","Spring/Business","Spring/Back to Business","Spring/Back to School"
24/02/09,"2009-02-24",2009,20091,200902,"February",2009093,"Tuesday","Spring/Business","Spring/Back to Business","Spring/Back to School"
25/02/09,"2009-02-25",2009,20091,200902,"February",2009094,"Wednesday","Spring/Business","Spring/Back to Business","Spring/Back to School"
26/02/09,"2009-02-26",2009,20091,200902,"February",2009095,"Thursday","Spring/Business","Spring/Back to Business","Spring/Back to School"
27/02/09,"2009-02-27",2009,20091,200902,"February",2009096,"Friday","Spring/Business","Spring/Back to Business","Spring/Back to School"
28/02/09,"2009-02-28",2009,20091,200902,"February",2009097,"Saturday","Spring/Business","Spring/Back to Business","Spring/Back to School"
01/03/09,"2009-03-01",2009,20091,200903,"March",2009101,"Sunday","Spring/Business","Spring/Back to Business","Spring/Back to School"
02/03/09,"2009-03-02",2009,20091,200903,"March",2009102,"Monday","Spring/Business","Spring/Back to Business","Spring/Back to School"
03/03/09,"2009-03-03",2009,20091,200903,"March",2009103,"Tuesday","Spring/Business","Spring/Back to Business","Spring/Back to School"
04/03/09,"2009-03-04",2009,20091,200903,"March",2009104,"Wednesday","Spring/Business","Spring/Back to Business","Spring/Back to School"
05/03/09,"2009-03-05",2009,20091,200903,"March",2009105,"Thursday","Spring/Business","Spring/Back to Business","Spring/Back to School"
06/03/09,"2009-03-06",2009,20091,200903,"March",2009106,"Friday","Spring/Business","Spring/Back to Business","Spring/Back to School"
07/03/09,"2009-03-07",2009,20091,200903,"March",2009107,"Saturday","Spring/Business","Spring/Back to Business","Spring/Back to School"
08/03/09,"2009-03-08",2009,20091,200903,"March",2009111,"Sunday","Spring/Business","Spring/Back to Business","Spring/Back to School"
09/03/09,"2009-03-09",2009,20091,200903,"March",2009112,"Monday","Spring/Business","Spring/Back to Business","Spring/Back to School"
10/03/09,"2009-03-10",2009,20091,200903,"March",2009113,"Tuesday","Spring/Business","Spring/Back to Business","Spring/Back to School"
11/03/09,"2009-03-11",2009,20091,200903,"March",2009114,"Wednesday","Spring/Business","Spring/Back to Business","Spring/Back to School"
12/03/09,"2009-03-12",2009,20091,200903,"March",2009115,"Thursday","Spring/Business","Spring/Back to Business","Spring/Back to School"
13/03/09,"2009-03-13",2009,20091,200903,"March",2009116,"Friday","Spring/Business","Spring/Back to Business","Spring/Back to School"
14/03/09,"2009-03-14",2009,20091,200903,"March",2009117,"Saturday","Spring/Business","Spring/Back to Business","Spring/Back to School"
15/03/09,"2009-03-15",2009,20091,200903,"March",2009121,"Sunday","Spring/Business","Spring/Back to Business","Spring/Back to School"
16/03/09,"2009-03-16",2009,20091,200903,"March",2009122,"Monday","Spring/Business","Spring/Back to Business","Spring/Back to School"
17/03/09,"2009-03-17",2009,20091,200903,"March",2009123,"Tuesday","Spring/Business","Spring/Back to Business","Spring/Back to School"
18/03/09,"2009-03-18",2009,20091,200903,"March",2009124,"Wednesday","Spring/Business","Spring/Back to Business","Spring/Back to School"
19/03/09,"2009-03-19",2009,20091,200903,"March",2009125,"Thursday","Spring/Business","Spring/Back to Business","Spring/Back to School"
20/03/09,"2009-03-20",2009,20091,200903,"March",2009126,"Friday","Spring/Business","Spring/Back to Business","Spring/Back to School"
21/03/09,"2009-03-21",2009,20091,200903,"March",2009127,"Saturday","Spring/Business","Spring/Back to Business","Spring/Back to School"
22/03/09,"2009-03-22",2009,20091,200903,"March",2009131,"Sunday","Spring/Business","Spring/Back to Business","Spring/Back to School"
23/03/09,"2009-03-23",2009,20091,200903,"March",2009132,"Monday","Spring/Business","Spring/Back to Business","Spring/Back to School"
24/03/09,"2009-03-24",2009,20091,200903,"March",2009133,"Tuesday","Spring/Business","Spring/Back to Business","Spring/Back to School"
25/03/09,"2009-03-25",2009,20091,200903,"March",2009134,"Wednesday","Spring/Business","Spring/Back to Business","Spring/Back to School"
26/03/09,"2009-03-26",2009,20091,200903,"March",2009135,"Thursday","Spring/Business","Spring/Back to Business","Spring/Back to School"
27/03/09,"2009-03-27",2009,20091,200903,"March",2009136,"Friday","Spring/Business","Spring/Back to Business","Spring/Back to School"
28/03/09,"2009-03-28",2009,20091,200903,"March",2009137,"Saturday","Spring/Business","Spring/Back to Business","Spring/Back to School"
29/03/09,"2009-03-29",2009,20091,200903,"March",2009141,"Sunday","Spring/Business","Spring/Back to Business","Spring/Back to School"
30/03/09,"2009-03-30",2009,20091,200903,"March",2009142,"Monday","Spring/Business","Spring/Back to Business","Spring/Back to School"
31/03/09,"2009-03-31",2009,20091,200903,"March",2009143,"Tuesday","Spring/Business","Spring/Back to Business","Spring/Back to School"
01/04/09,"2009-04-01",2009,20092,200904,"April",2009144,"Wednesday","None","None","Spring/Back to School"
02/04/09,"2009-04-02",2009,20092,200904,"April",2009145,"Thursday","None","None","Spring/Back to School"
03/04/09,"2009-04-03",2009,20092,200904,"April",2009146,"Friday","None","None","Spring/Back to School"
04/04/09,"2009-04-04",2009,20092,200904,"April",2009147,"Saturday","None","None","Spring/Back to School"
05/04/09,"2009-04-05",2009,20092,200904,"April",2009151,"Sunday","None","None","Spring/Back to School"
06/04/09,"2009-04-06",2009,20092,200904,"April",2009152,"Monday","None","None","Spring/Back to School"
07/04/09,"2009-04-07",2009,20092,200904,"April",2009153,"Tuesday","None","None","Spring/Back to School"
08/04/09,"2009-04-08",2009,20092,200904,"April",2009154,"Wednesday","None","None","Spring/Back to School"
09/04/09,"2009-04-09",2009,20092,200904,"April",2009155,"Thursday","None","None","Spring/Back to School"
10/04/09,"2009-04-10",2009,20092,200904,"April",2009156,"Friday","None","None","Spring/Back to School"
11/04/09,"2009-04-11",2009,20092,200904,"April",2009157,"Saturday","None","None","Spring/Back to School"
12/04/09,"2009-04-12",2009,20092,200904,"April",2009161,"Sunday","None","None","Spring/Back to School"
13/04/09,"2009-04-13",2009,20092,200904,"April",2009162,"Monday","None","None","Spring/Back to School"
14/04/09,"2009-04-14",2009,20092,200904,"April",2009163,"Tuesday","None","None","Spring/Back to School"
15/04/09,"2009-04-15",2009,20092,200904,"April",2009164,"Wednesday","None","None","Spring/Back to School"
16/04/09,"2009-04-16",2009,20092,200904,"April",2009165,"Thursday","None","None","Spring/Back to School"
17/04/09,"2009-04-17",2009,20092,200904,"April",2009166,"Friday","None","None","Spring/Back to School"
18/04/09,"2009-04-18",2009,20092,200904,"April",2009167,"Saturday","None","None","Spring/Back to School"
19/04/09,"2009-04-19",2009,20092,200904,"April",2009171,"Sunday","None","None","Spring/Back to School"
20/04/09,"2009-04-20",2009,20092,200904,"April",2009172,"Monday","None","None","Spring/Back to School"
21/04/09,"2009-04-21",2009,20092,200904,"April",2009173,"Tuesday","None","None","Spring/Back to School"
22/04/09,"2009-04-22",2009,20092,200904,"April",2009174,"Wednesday","None","None","Spring/Back to School"
23/04/09,"2009-04-23",2009,20092,200904,"April",2009175,"Thursday","None","None","Spring/Back to School"
24/04/09,"2009-04-24",2009,20092,200904,"April",2009176,"Friday","None","None","Spring/Back to School"
25/04/09,"2009-04-25",2009,20092,200904,"April",2009177,"Saturday","None","None","Spring/Back to School"
26/04/09,"2009-04-26",2009,20092,200904,"April",2009181,"Sunday","None","None","Spring/Back to School"
27/04/09,"2009-04-27",2009,20092,200904,"April",2009182,"Monday","None","None","Spring/Back to School"
28/04/09,"2009-04-28",2009,20092,200904,"April",2009183,"Tuesday","None","None","Spring/Back to School"
29/04/09,"2009-04-29",2009,20092,200904,"April",2009184,"Wednesday","None","None","Spring/Back to School"
30/04/09,"2009-04-30",2009,20092,200904,"April",2009185,"Thursday","None","None","Spring/Back to School"
01/05/09,"2009-05-01",2009,20092,200905,"May",2009186,"Friday","None","None","Tax Time/Summer"
02/05/09,"2009-05-02",2009,20092,200905,"May",2009187,"Saturday","None","None","Tax Time/Summer"
03/05/09,"2009-05-03",2009,20092,200905,"May",2009191,"Sunday","None","None","Tax Time/Summer"
04/05/09,"2009-05-04",2009,20092,200905,"May",2009192,"Monday","None","None","Tax Time/Summer"
05/05/09,"2009-05-05",2009,20092,200905,"May",2009193,"Tuesday","None","None","Tax Time/Summer"
06/05/09,"2009-05-06",2009,20092,200905,"May",2009194,"Wednesday","None","None","Tax Time/Summer"
07/05/09,"2009-05-07",2009,20092,200905,"May",2009195,"Thursday","None","None","Tax Time/Summer"
08/05/09,"2009-05-08",2009,20092,200905,"May",2009196,"Friday","None","None","Tax Time/Summer"
09/05/09,"2009-05-09",2009,20092,200905,"May",2009197,"Saturday","None","None","Tax Time/Summer"
10/05/09,"2009-05-10",2009,20092,200905,"May",2009201,"Sunday","None","None","Tax Time/Summer"
11/05/09,"2009-05-11",2009,20092,200905,"May",2009202,"Monday","None","None","Tax Time/Summer"
12/05/09,"2009-05-12",2009,20092,200905,"May",2009203,"Tuesday","None","None","Tax Time/Summer"
13/05/09,"2009-05-13",2009,20092,200905,"May",2009204,"Wednesday","None","None","Tax Time/Summer"
14/05/09,"2009-05-14",2009,20092,200905,"May",2009205,"Thursday","None","None","Tax Time/Summer"
15/05/09,"2009-05-15",2009,20092,200905,"May",2009206,"Friday","None","None","Tax Time/Summer"
16/05/09,"2009-05-16",2009,20092,200905,"May",2009207,"Saturday","None","None","Tax Time/Summer"
17/05/09,"2009-05-17",2009,20092,200905,"May",2009211,"Sunday","None","None","Tax Time/Summer"
